display_name,provider,provider_id,territory_code,location_type,type_id,carbon_free_energy_percentage,containing_location_id,location_id
europe-north2,GCP,1,SE,REGION,1,100.0,,gcp-europe-north2
europe-north2-a,GCP,1,SE,ZONE,2,100.0,gcp-europe-north2,gcp-europe-north2-a
europe-north2-b,GCP,1,SE,ZONE,2,100.0,gcp-europe-north2,gcp-europe-north2-b
europe-north2-c,GCP,1,SE,ZONE,2,100.0,gcp-europe-north2,gcp-europe-north2-c
northamerica-northeast1,GCP,1,CA,REGION,1,99.0,,gcp-northamerica-northeast1
northamerica-northeast1-a,GCP,1,CA,ZONE,2,99.0,gcp-northamerica-northeast1,gcp-northamerica-northeast1-a
northamerica-northeast1-b,GCP,1,CA,ZONE,2,99.0,gcp-northamerica-northeast1,gcp-northamerica-northeast1-b
northamerica-northeast1-c,GCP,1,CA,ZONE,2,99.0,gcp-northamerica-northeast1,gcp-northamerica-northeast1-c
europe-north1,GCP,1,FI,REGION,1,98.0,,gcp-europe-north1
europe-north1-a,GCP,1,FI,ZONE,2,98.0,gcp-europe-north1,gcp-europe-north1-a
europe-north1-b,GCP,1,FI,ZONE,2,98.0,gcp-europe-north1,gcp-europe-north1-b
europe-north1-c,GCP,1,FI,ZONE,2,98.0,gcp-europe-north1,gcp-europe-north1-c
europe-west6,GCP,1,CH,REGION,1,98.0,,gcp-europe-west6
europe-west6-a,GCP,1,CH,ZONE,2,98.0,gcp-europe-west6,gcp-europe-west6-a
europe-west6-b,GCP,1,CH,ZONE,2,98.0,gcp-europe-west6,gcp-europe-west6-b
europe-west6-c,GCP,1,CH,ZONE,2,98.0,gcp-europe-west6,gcp-europe-west6-c
europe-west9,GCP,1,FR,REGION,1,96.0,,gcp-europe-west9
europe-west9-a,GCP,1,FR,ZONE,2,96.0,gcp-europe-west9,gcp-europe-west9-a
europe-west9-b,GCP,1,FR,ZONE,2,96.0,gcp-europe-west9,gcp-europe-west9-b
europe-west9-c,GCP,1,FR,ZONE,2,96.0,gcp-europe-west9,gcp-europe-west9-c
us-south1,GCP,1,US,REGION,1,94.0,,gcp-us-south1
us-south1-a,GCP,1,US,ZONE,2,94.0,gcp-us-south1,gcp-us-south1-a
us-south1-b,GCP,1,US,ZONE,2,94.0,gcp-us-south1,gcp-us-south1-b
us-south1-c,GCP,1,US,ZONE,2,94.0,gcp-us-south1,gcp-us-south1-c
southamerica-west1,GCP,1,CL,REGION,1,92.0,,gcp-southamerica-west1
southamerica-west1-a,GCP,1,CL,ZONE,2,92.0,gcp-southamerica-west1,gcp-southamerica-west1-a
southamerica-west1-b,GCP,1,CL,ZONE,2,92.0,gcp-southamerica-west1,gcp-southamerica-west1-b
southamerica-west1-c,GCP,1,CL,ZONE,2,92.0,gcp-southamerica-west1,gcp-southamerica-west1-c
southamerica-east1,GCP,1,BR,REGION,1,88.0,,gcp-southamerica-east1
southamerica-east1-a,GCP,1,BR,ZONE,2,88.0,gcp-southamerica-east1,gcp-southamerica-east1-a
southamerica-east1-b,GCP,1,BR,ZONE,2,88.0,gcp-southamerica-east1,gcp-southamerica-east1-b
southamerica-east1-c,GCP,1,BR,ZONE,2,88.0,gcp-southamerica-east1,gcp-southamerica-east1-c
europe-southwest1,GCP,1,ES,REGION,1,87.0,,gcp-europe-southwest1
europe-southwest1-a,GCP,1,ES,ZONE,2,87.0,gcp-europe-southwest1,gcp-europe-southwest1-a
europe-southwest1-b,GCP,1,ES,ZONE,2,87.0,gcp-europe-southwest1,gcp-europe-southwest1-b
europe-southwest1-c,GCP,1,ES,ZONE,2,87.0,gcp-europe-southwest1,gcp-europe-southwest1-c
us-central1,GCP,1,US,REGION,1,87.0,,gcp-us-central1
us-central1-a,GCP,1,US,ZONE,2,87.0,gcp-us-central1,gcp-us-central1-a
us-central1-b,GCP,1,US,ZONE,2,87.0,gcp-us-central1,gcp-us-central1-b
us-central1-c,GCP,1,US,ZONE,2,87.0,gcp-us-central1,gcp-us-central1-c
us-central1-f,GCP,1,US,ZONE,2,87.0,gcp-us-central1,gcp-us-central1-f
us-west1,GCP,1,US,REGION,1,87.0,,gcp-us-west1
us-west1-a,GCP,1,US,ZONE,2,87.0,gcp-us-west1,gcp-us-west1-a
us-west1-b,GCP,1,US,ZONE,2,87.0,gcp-us-west1,gcp-us-west1-b
us-west1-c,GCP,1,US,ZONE,2,87.0,gcp-us-west1,gcp-us-west1-c
europe-west1,GCP,1,BE,REGION,1,84.0,,gcp-europe-west1
europe-west1-b,GCP,1,BE,ZONE,2,84.0,gcp-europe-west1,gcp-europe-west1-b
europe-west1-c,GCP,1,BE,ZONE,2,84.0,gcp-europe-west1,gcp-europe-west1-c
europe-west1-d,GCP,1,BE,ZONE,2,84.0,gcp-europe-west1,gcp-europe-west1-d
northamerica-northeast2,GCP,1,CA,REGION,1,84.0,,gcp-northamerica-northeast2
northamerica-northeast2-a,GCP,1,CA,ZONE,2,84.0,gcp-northamerica-northeast2,gcp-northamerica-northeast2-a
northamerica-northeast2-b,GCP,1,CA,ZONE,2,84.0,gcp-northamerica-northeast2,gcp-northamerica-northeast2-b
northamerica-northeast2-c,GCP,1,CA,ZONE,2,84.0,gcp-northamerica-northeast2,gcp-northamerica-northeast2-c
europe-west4,GCP,1,NL,REGION,1,83.0,,gcp-europe-west4
europe-west4-a,GCP,1,NL,ZONE,2,83.0,gcp-europe-west4,gcp-europe-west4-a
europe-west4-b,GCP,1,NL,ZONE,2,83.0,gcp-europe-west4,gcp-europe-west4-b
europe-west4-c,GCP,1,NL,ZONE,2,83.0,gcp-europe-west4,gcp-europe-west4-c
europe-west2,GCP,1,GB,REGION,1,79.0,,gcp-europe-west2
europe-west2-a,GCP,1,GB,ZONE,2,79.0,gcp-europe-west2,gcp-europe-west2-a
europe-west2-b,GCP,1,GB,ZONE,2,79.0,gcp-europe-west2,gcp-europe-west2-b
europe-west2-c,GCP,1,GB,ZONE,2,79.0,gcp-europe-west2,gcp-europe-west2-c
europe-west12,GCP,1,IT,REGION,1,73.0,,gcp-europe-west12
europe-west12-a,GCP,1,IT,ZONE,2,73.0,gcp-europe-west12,gcp-europe-west12-a
europe-west12-b,GCP,1,IT,ZONE,2,73.0,gcp-europe-west12,gcp-europe-west12-b
europe-west12-c,GCP,1,IT,ZONE,2,73.0,gcp-europe-west12,gcp-europe-west12-c
europe-west8,GCP,1,IT,REGION,1,73.0,,gcp-europe-west8
europe-west8-a,GCP,1,IT,ZONE,2,73.0,gcp-europe-west8,gcp-europe-west8-a
europe-west8-b,GCP,1,IT,ZONE,2,73.0,gcp-europe-west8,gcp-europe-west8-b
europe-west8-c,GCP,1,IT,ZONE,2,73.0,gcp-europe-west8,gcp-europe-west8-c
europe-west10,GCP,1,DE,REGION,1,68.0,,gcp-europe-west10
europe-west10-a,GCP,1,DE,ZONE,2,68.0,gcp-europe-west10,gcp-europe-west10-a
europe-west10-b,GCP,1,DE,ZONE,2,68.0,gcp-europe-west10,gcp-europe-west10-b
europe-west10-c,GCP,1,DE,ZONE,2,68.0,gcp-europe-west10,gcp-europe-west10-c
europe-west3,GCP,1,DE,REGION,1,68.0,,gcp-europe-west3
europe-west3-a,GCP,1,DE,ZONE,2,68.0,gcp-europe-west3,gcp-europe-west3-a
europe-west3-b,GCP,1,DE,ZONE,2,68.0,gcp-europe-west3,gcp-europe-west3-b
europe-west3-c,GCP,1,DE,ZONE,2,68.0,gcp-europe-west3,gcp-europe-west3-c
us-west4,GCP,1,US,REGION,1,64.0,,gcp-us-west4
us-west4-a,GCP,1,US,ZONE,2,64.0,gcp-us-west4,gcp-us-west4-a
us-west4-b,GCP,1,US,ZONE,2,64.0,gcp-us-west4,gcp-us-west4-b
us-west4-c,GCP,1,US,ZONE,2,64.0,gcp-us-west4,gcp-us-west4-c
us-west2,GCP,1,US,REGION,1,63.0,,gcp-us-west2
us-west2-a,GCP,1,US,ZONE,2,63.0,gcp-us-west2,gcp-us-west2-a
us-west2-b,GCP,1,US,ZONE,2,63.0,gcp-us-west2,gcp-us-west2-b
us-west2-c,GCP,1,US,ZONE,2,63.0,gcp-us-west2,gcp-us-west2-c
us-east4,GCP,1,US,REGION,1,62.0,,gcp-us-east4
us-east4-a,GCP,1,US,ZONE,2,62.0,gcp-us-east4,gcp-us-east4-a
us-east4-b,GCP,1,US,ZONE,2,62.0,gcp-us-east4,gcp-us-east4-b
us-east4-c,GCP,1,US,ZONE,2,62.0,gcp-us-east4,gcp-us-east4-c
us-east5,GCP,1,US,REGION,1,62.0,,gcp-us-east5
us-east5-a,GCP,1,US,ZONE,2,62.0,gcp-us-east5,gcp-us-east5-a
us-east5-b,GCP,1,US,ZONE,2,62.0,gcp-us-east5,gcp-us-east5-b
us-east5-c,GCP,1,US,ZONE,2,62.0,gcp-us-east5,gcp-us-east5-c
asia-northeast2,GCP,1,JP,REGION,1,46.0,,gcp-asia-northeast2
asia-northeast2-a,GCP,1,JP,ZONE,2,46.0,gcp-asia-northeast2,gcp-asia-northeast2-a
asia-northeast2-b,GCP,1,JP,ZONE,2,46.0,gcp-asia-northeast2,gcp-asia-northeast2-b
asia-northeast2-c,GCP,1,JP,ZONE,2,46.0,gcp-asia-northeast2,gcp-asia-northeast2-c
europe-central2,GCP,1,PL,REGION,1,40.0,,gcp-europe-central2
europe-central2-a,GCP,1,PL,ZONE,2,40.0,gcp-europe-central2,gcp-europe-central2-a
europe-central2-b,GCP,1,PL,ZONE,2,40.0,gcp-europe-central2,gcp-europe-central2-b
europe-central2-c,GCP,1,PL,ZONE,2,40.0,gcp-europe-central2,gcp-europe-central2-c
australia-southeast2,GCP,1,AU,REGION,1,39.0,,gcp-australia-southeast2
australia-southeast2-a,GCP,1,AU,ZONE,2,39.0,gcp-australia-southeast2,gcp-australia-southeast2-a
australia-southeast2-b,GCP,1,AU,ZONE,2,39.0,gcp-australia-southeast2,gcp-australia-southeast2-b
australia-southeast2-c,GCP,1,AU,ZONE,2,39.0,gcp-australia-southeast2,gcp-australia-southeast2-c
asia-northeast3,GCP,1,KR,REGION,1,37.0,,gcp-asia-northeast3
asia-northeast3-a,GCP,1,KR,ZONE,2,37.0,gcp-asia-northeast3,gcp-asia-northeast3-a
asia-northeast3-b,GCP,1,KR,ZONE,2,37.0,gcp-asia-northeast3,gcp-asia-northeast3-b
asia-northeast3-c,GCP,1,KR,ZONE,2,37.0,gcp-asia-northeast3,gcp-asia-northeast3-c
australia-southeast1,GCP,1,AU,REGION,1,34.0,,gcp-australia-southeast1
australia-southeast1-a,GCP,1,AU,ZONE,2,34.0,gcp-australia-southeast1,gcp-australia-southeast1-a
australia-southeast1-b,GCP,1,AU,ZONE,2,34.0,gcp-australia-southeast1,gcp-australia-southeast1-b
australia-southeast1-c,GCP,1,AU,ZONE,2,34.0,gcp-australia-southeast1,gcp-australia-southeast1-c
us-west3,GCP,1,US,REGION,1,33.0,,gcp-us-west3
us-west3-a,GCP,1,US,ZONE,2,33.0,gcp-us-west3,gcp-us-west3-a
us-west3-b,GCP,1,US,ZONE,2,33.0,gcp-us-west3,gcp-us-west3-b
us-west3-c,GCP,1,US,ZONE,2,33.0,gcp-us-west3,gcp-us-west3-c
us-east1,GCP,1,US,REGION,1,31.0,,gcp-us-east1
us-east1-b,GCP,1,US,ZONE,2,31.0,gcp-us-east1,gcp-us-east1-b
us-east1-c,GCP,1,US,ZONE,2,31.0,gcp-us-east1,gcp-us-east1-c
us-east1-d,GCP,1,US,ZONE,2,31.0,gcp-us-east1,gcp-us-east1-d
asia-south2,GCP,1,IN,REGION,1,29.0,,gcp-asia-south2
asia-south2-a,GCP,1,IN,ZONE,2,29.0,gcp-asia-south2,gcp-asia-south2-a
asia-south2-b,GCP,1,IN,ZONE,2,29.0,gcp-asia-south2,gcp-asia-south2-b
asia-south2-c,GCP,1,IN,ZONE,2,29.0,gcp-asia-south2,gcp-asia-south2-c
northamerica-south1,GCP,1,MX,REGION,1,19.0,,gcp-northamerica-south1
northamerica-south1-a,GCP,1,MX,ZONE,2,19.0,gcp-northamerica-south1,gcp-northamerica-south1-a
northamerica-south1-b,GCP,1,MX,ZONE,2,19.0,gcp-northamerica-south1,gcp-northamerica-south1-b
northamerica-south1-c,GCP,1,MX,ZONE,2,19.0,gcp-northamerica-south1,gcp-northamerica-south1-c
asia-southeast2,GCP,1,ID,REGION,1,18.0,,gcp-asia-southeast2
asia-southeast2-a,GCP,1,ID,ZONE,2,18.0,gcp-asia-southeast2,gcp-asia-southeast2-a
asia-southeast2-b,GCP,1,ID,ZONE,2,18.0,gcp-asia-southeast2,gcp-asia-southeast2-b
asia-southeast2-c,GCP,1,ID,ZONE,2,18.0,gcp-asia-southeast2,gcp-asia-southeast2-c
asia-east1,GCP,1,TW,REGION,1,17.0,,gcp-asia-east1
asia-east1-a,GCP,1,TW,ZONE,2,17.0,gcp-asia-east1,gcp-asia-east1-a
asia-east1-b,GCP,1,TW,ZONE,2,17.0,gcp-asia-east1,gcp-asia-east1-b
asia-east1-c,GCP,1,TW,ZONE,2,17.0,gcp-asia-east1,gcp-asia-east1-c
asia-northeast1,GCP,1,JP,REGION,1,17.0,,gcp-asia-northeast1
asia-northeast1-a,GCP,1,JP,ZONE,2,17.0,gcp-asia-northeast1,gcp-asia-northeast1-a
asia-northeast1-b,GCP,1,JP,ZONE,2,17.0,gcp-asia-northeast1,gcp-asia-northeast1-b
asia-northeast1-c,GCP,1,JP,ZONE,2,17.0,gcp-asia-northeast1,gcp-asia-northeast1-c
africa-south1,GCP,1,ZA,REGION,1,15.0,,gcp-africa-south1
africa-south1-a,GCP,1,ZA,ZONE,2,15.0,gcp-africa-south1,gcp-africa-south1-a
africa-south1-b,GCP,1,ZA,ZONE,2,15.0,gcp-africa-south1,gcp-africa-south1-b
africa-south1-c,GCP,1,ZA,ZONE,2,15.0,gcp-africa-south1,gcp-africa-south1-c
asia-south1,GCP,1,IN,REGION,1,9.0,,gcp-asia-south1
asia-south1-a,GCP,1,IN,ZONE,2,9.0,gcp-asia-south1,gcp-asia-south1-a
asia-south1-b,GCP,1,IN,ZONE,2,9.0,gcp-asia-south1,gcp-asia-south1-b
asia-south1-c,GCP,1,IN,ZONE,2,9.0,gcp-asia-south1,gcp-asia-south1-c
me-west1,GCP,1,IL,REGION,1,7.0,,gcp-me-west1
me-west1-a,GCP,1,IL,ZONE,2,7.0,gcp-me-west1,gcp-me-west1-a
me-west1-b,GCP,1,IL,ZONE,2,7.0,gcp-me-west1,gcp-me-west1-b
me-west1-c,GCP,1,IL,ZONE,2,7.0,gcp-me-west1,gcp-me-west1-c
asia-southeast1,GCP,1,SG,REGION,1,4.0,,gcp-asia-southeast1
asia-southeast1-a,GCP,1,SG,ZONE,2,4.0,gcp-asia-southeast1,gcp-asia-southeast1-a
asia-southeast1-b,GCP,1,SG,ZONE,2,4.0,gcp-asia-southeast1,gcp-asia-southeast1-b
asia-southeast1-c,GCP,1,SG,ZONE,2,4.0,gcp-asia-southeast1,gcp-asia-southeast1-c
asia-east2,GCP,1,HK,REGION,1,1.0,,gcp-asia-east2
asia-east2-a,GCP,1,HK,ZONE,2,1.0,gcp-asia-east2,gcp-asia-east2-a
asia-east2-b,GCP,1,HK,ZONE,2,1.0,gcp-asia-east2,gcp-asia-east2-b
asia-east2-c,GCP,1,HK,ZONE,2,1.0,gcp-asia-east2,gcp-asia-east2-c
me-central1,GCP,1,QA,REGION,1,1.0,,gcp-me-central1
me-central1-a,GCP,1,QA,ZONE,2,1.0,gcp-me-central1,gcp-me-central1-a
me-central1-b,GCP,1,QA,ZONE,2,1.0,gcp-me-central1,gcp-me-central1-b
me-central1-c,GCP,1,QA,ZONE,2,1.0,gcp-me-central1,gcp-me-central1-c
me-central2,GCP,1,SA,REGION,1,1.0,,gcp-me-central2
me-central2-a,GCP,1,SA,ZONE,2,1.0,gcp-me-central2,gcp-me-central2-a
me-central2-b,GCP,1,SA,ZONE,2,1.0,gcp-me-central2,gcp-me-central2-b
me-central2-c,GCP,1,SA,ZONE,2,1.0,gcp-me-central2,gcp-me-central2-c
af-south-1,AWS,2,ZA,REGION,1,0.0,,aws-af-south-1
afs1-az1,AWS,2,ZA,ZONE,2,0.0,aws-af-south-1,aws-afs1-az1
afs1-az2,AWS,2,ZA,ZONE,2,0.0,aws-af-south-1,aws-afs1-az2
afs1-az3,AWS,2,ZA,ZONE,2,0.0,aws-af-south-1,aws-afs1-az3
ap-east-1,AWS,2,HK,REGION,1,0.0,,aws-ap-east-1
ap-east-2,AWS,2,TW,REGION,1,0.0,,aws-ap-east-2
ap-northeast-1,AWS,2,JP,REGION,1,0.0,,aws-ap-northeast-1
ap-northeast-2,AWS,2,KR,REGION,1,0.0,,aws-ap-northeast-2
ap-northeast-3,AWS,2,JP,REGION,1,0.0,,aws-ap-northeast-3
ap-south-1,AWS,2,IN,REGION,1,0.0,,aws-ap-south-1
ap-south-2,AWS,2,IN,REGION,1,0.0,,aws-ap-south-2
ap-southeast-1,AWS,2,SG,REGION,1,0.0,,aws-ap-southeast-1
ap-southeast-2,AWS,2,AU,REGION,1,0.0,,aws-ap-southeast-2
ap-southeast-3,AWS,2,ID,REGION,1,0.0,,aws-ap-southeast-3
ap-southeast-4,AWS,2,AU,REGION,1,0.0,,aws-ap-southeast-4
ap-southeast-5,AWS,2,MY,REGION,1,0.0,,aws-ap-southeast-5
ap-southeast-6,AWS,2,NZ,REGION,1,0.0,,aws-ap-southeast-6
ap-southeast-7,AWS,2,TH,REGION,1,0.0,,aws-ap-southeast-7
ape1-az1,AWS,2,HK,ZONE,2,0.0,aws-ap-east-1,aws-ape1-az1
ape1-az2,AWS,2,HK,ZONE,2,0.0,aws-ap-east-1,aws-ape1-az2
ape1-az3,AWS,2,HK,ZONE,2,0.0,aws-ap-east-1,aws-ape1-az3
ape2-az1,AWS,2,TW,ZONE,2,0.0,aws-ap-east-2,aws-ape2-az1
ape2-az2,AWS,2,TW,ZONE,2,0.0,aws-ap-east-2,aws-ape2-az2
ape2-az3,AWS,2,TW,ZONE,2,0.0,aws-ap-east-2,aws-ape2-az3
apne1-az1,AWS,2,JP,ZONE,2,0.0,aws-ap-northeast-1,aws-apne1-az1
apne1-az2,AWS,2,JP,ZONE,2,0.0,aws-ap-northeast-1,aws-apne1-az2
apne1-az4,AWS,2,JP,ZONE,2,0.0,aws-ap-northeast-1,aws-apne1-az4
apne2-az1,AWS,2,KR,ZONE,2,0.0,aws-ap-northeast-2,aws-apne2-az1
apne2-az2,AWS,2,KR,ZONE,2,0.0,aws-ap-northeast-2,aws-apne2-az2
apne2-az3,AWS,2,KR,ZONE,2,0.0,aws-ap-northeast-2,aws-apne2-az3
apne2-az4,AWS,2,KR,ZONE,2,0.0,aws-ap-northeast-2,aws-apne2-az4
apne3-az1,AWS,2,JP,ZONE,2,0.0,aws-ap-northeast-3,aws-apne3-az1
apne3-az2,AWS,2,JP,ZONE,2,0.0,aws-ap-northeast-3,aws-apne3-az2
apne3-az3,AWS,2,JP,ZONE,2,0.0,aws-ap-northeast-3,aws-apne3-az3
aps1-az1,AWS,2,IN,ZONE,2,0.0,aws-ap-south-1,aws-aps1-az1
aps1-az2,AWS,2,IN,ZONE,2,0.0,aws-ap-south-1,aws-aps1-az2
aps1-az3,AWS,2,IN,ZONE,2,0.0,aws-ap-south-1,aws-aps1-az3
aps2-az1,AWS,2,IN,ZONE,2,0.0,aws-ap-south-2,aws-aps2-az1
aps2-az2,AWS,2,IN,ZONE,2,0.0,aws-ap-south-2,aws-aps2-az2
aps2-az3,AWS,2,IN,ZONE,2,0.0,aws-ap-south-2,aws-aps2-az3
apse1-az1,AWS,2,SG,ZONE,2,0.0,aws-ap-southeast-1,aws-apse1-az1
apse1-az2,AWS,2,SG,ZONE,2,0.0,aws-ap-southeast-1,aws-apse1-az2
apse1-az3,AWS,2,SG,ZONE,2,0.0,aws-ap-southeast-1,aws-apse1-az3
apse2-az1,AWS,2,AU,ZONE,2,0.0,aws-ap-southeast-2,aws-apse2-az1
apse2-az2,AWS,2,AU,ZONE,2,0.0,aws-ap-southeast-2,aws-apse2-az2
apse2-az3,AWS,2,AU,ZONE,2,0.0,aws-ap-southeast-2,aws-apse2-az3
apse3-az1,AWS,2,ID,ZONE,2,0.0,aws-ap-southeast-3,aws-apse3-az1
apse3-az2,AWS,2,ID,ZONE,2,0.0,aws-ap-southeast-3,aws-apse3-az2
apse3-az3,AWS,2,ID,ZONE,2,0.0,aws-ap-southeast-3,aws-apse3-az3
apse4-az1,AWS,2,AU,ZONE,2,0.0,aws-ap-southeast-4,aws-apse4-az1
apse4-az2,AWS,2,AU,ZONE,2,0.0,aws-ap-southeast-4,aws-apse4-az2
apse4-az3,AWS,2,AU,ZONE,2,0.0,aws-ap-southeast-4,aws-apse4-az3
apse5-az1,AWS,2,MY,ZONE,2,0.0,aws-ap-southeast-5,aws-apse5-az1
apse5-az2,AWS,2,MY,ZONE,2,0.0,aws-ap-southeast-5,aws-apse5-az2
apse5-az3,AWS,2,MY,ZONE,2,0.0,aws-ap-southeast-5,aws-apse5-az3
apse6-az1,AWS,2,NZ,ZONE,2,0.0,aws-ap-southeast-6,aws-apse6-az1
apse6-az2,AWS,2,NZ,ZONE,2,0.0,aws-ap-southeast-6,aws-apse6-az2
apse6-az3,AWS,2,NZ,ZONE,2,0.0,aws-ap-southeast-6,aws-apse6-az3
apse7-az1,AWS,2,TH,ZONE,2,0.0,aws-ap-southeast-7,aws-apse7-az1
apse7-az2,AWS,2,TH,ZONE,2,0.0,aws-ap-southeast-7,aws-apse7-az2
apse7-az3,AWS,2,TH,ZONE,2,0.0,aws-ap-southeast-7,aws-apse7-az3
ca-central-1,AWS,2,CA,REGION,1,0.0,,aws-ca-central-1
ca-west-1,AWS,2,CA,REGION,1,0.0,,aws-ca-west-1
cac1-az1,AWS,2,CA,ZONE,2,0.0,aws-ca-central-1,aws-cac1-az1
cac1-az2,AWS,2,CA,ZONE,2,0.0,aws-ca-central-1,aws-cac1-az2
cac1-az4,AWS,2,CA,ZONE,2,0.0,aws-ca-central-1,aws-cac1-az4
caw1-az1,AWS,2,CA,ZONE,2,0.0,aws-ca-west-1,aws-caw1-az1
caw1-az2,AWS,2,CA,ZONE,2,0.0,aws-ca-west-1,aws-caw1-az2
caw1-az3,AWS,2,CA,ZONE,2,0.0,aws-ca-west-1,aws-caw1-az3
eu-central-1,AWS,2,DE,REGION,1,0.0,,aws-eu-central-1
eu-central-2,AWS,2,CH,REGION,1,0.0,,aws-eu-central-2
eu-north-1,AWS,2,SE,REGION,1,0.0,,aws-eu-north-1
eu-south-1,AWS,2,IT,REGION,1,0.0,,aws-eu-south-1
eu-south-2,AWS,2,ES,REGION,1,0.0,,aws-eu-south-2
eu-west-1,AWS,2,IE,REGION,1,0.0,,aws-eu-west-1
eu-west-2,AWS,2,GB,REGION,1,0.0,,aws-eu-west-2
eu-west-3,AWS,2,FR,REGION,1,0.0,,aws-eu-west-3
euc1-az1,AWS,2,DE,ZONE,2,0.0,aws-eu-central-1,aws-euc1-az1
euc1-az2,AWS,2,DE,ZONE,2,0.0,aws-eu-central-1,aws-euc1-az2
euc1-az3,AWS,2,DE,ZONE,2,0.0,aws-eu-central-1,aws-euc1-az3
euc2-az1,AWS,2,CH,ZONE,2,0.0,aws-eu-central-2,aws-euc2-az1
euc2-az2,AWS,2,CH,ZONE,2,0.0,aws-eu-central-2,aws-euc2-az2
euc2-az3,AWS,2,CH,ZONE,2,0.0,aws-eu-central-2,aws-euc2-az3
eun1-az1,AWS,2,SE,ZONE,2,0.0,aws-eu-north-1,aws-eun1-az1
eun1-az2,AWS,2,SE,ZONE,2,0.0,aws-eu-north-1,aws-eun1-az2
eun1-az3,AWS,2,SE,ZONE,2,0.0,aws-eu-north-1,aws-eun1-az3
eus1-az1,AWS,2,IT,ZONE,2,0.0,aws-eu-south-1,aws-eus1-az1
eus1-az2,AWS,2,IT,ZONE,2,0.0,aws-eu-south-1,aws-eus1-az2
eus1-az3,AWS,2,IT,ZONE,2,0.0,aws-eu-south-1,aws-eus1-az3
eus2-az1,AWS,2,ES,ZONE,2,0.0,aws-eu-south-2,aws-eus2-az1
eus2-az2,AWS,2,ES,ZONE,2,0.0,aws-eu-south-2,aws-eus2-az2
eus2-az3,AWS,2,ES,ZONE,2,0.0,aws-eu-south-2,aws-eus2-az3
euw1-az1,AWS,2,IE,ZONE,2,0.0,aws-eu-west-1,aws-euw1-az1
euw1-az2,AWS,2,IE,ZONE,2,0.0,aws-eu-west-1,aws-euw1-az2
euw1-az3,AWS,2,IE,ZONE,2,0.0,aws-eu-west-1,aws-euw1-az3
euw2-az1,AWS,2,GB,ZONE,2,0.0,aws-eu-west-2,aws-euw2-az1
euw2-az2,AWS,2,GB,ZONE,2,0.0,aws-eu-west-2,aws-euw2-az2
euw2-az3,AWS,2,GB,ZONE,2,0.0,aws-eu-west-2,aws-euw2-az3
euw3-az1,AWS,2,FR,ZONE,2,0.0,aws-eu-west-3,aws-euw3-az1
euw3-az2,AWS,2,FR,ZONE,2,0.0,aws-eu-west-3,aws-euw3-az2
euw3-az3,AWS,2,FR,ZONE,2,0.0,aws-eu-west-3,aws-euw3-az3
il-central-1,AWS,2,IL,REGION,1,0.0,,aws-il-central-1
ilc1-az1,AWS,2,IL,ZONE,2,0.0,aws-il-central-1,aws-ilc1-az1
ilc1-az2,AWS,2,IL,ZONE,2,0.0,aws-il-central-1,aws-ilc1-az2
ilc1-az3,AWS,2,IL,ZONE,2,0.0,aws-il-central-1,aws-ilc1-az3
me-central-1,AWS,2,AE,REGION,1,0.0,,aws-me-central-1
mec1-az1,AWS,2,AE,ZONE,2,0.0,aws-me-central-1,aws-mec1-az1
mec1-az2,AWS,2,AE,ZONE,2,0.0,aws-me-central-1,aws-mec1-az2
mec1-az3,AWS,2,AE,ZONE,2,0.0,aws-me-central-1,aws-mec1-az3
mx-central-1,AWS,2,MX,REGION,1,0.0,,aws-mx-central-1
mxc1-az1,AWS,2,MX,ZONE,2,0.0,aws-mx-central-1,aws-mxc1-az1
mxc1-az2,AWS,2,MX,ZONE,2,0.0,aws-mx-central-1,aws-mxc1-az2
mxc1-az3,AWS,2,MX,ZONE,2,0.0,aws-mx-central-1,aws-mxc1-az3
sa-east-1,AWS,2,BR,REGION,1,0.0,,aws-sa-east-1
sae1-az1,AWS,2,BR,ZONE,2,0.0,aws-sa-east-1,aws-sae1-az1
sae1-az2,AWS,2,BR,ZONE,2,0.0,aws-sa-east-1,aws-sae1-az2
sae1-az3,AWS,2,BR,ZONE,2,0.0,aws-sa-east-1,aws-sae1-az3
us-east-1,AWS,2,US,REGION,1,0.0,,aws-us-east-1
us-east-2,AWS,2,US,REGION,1,0.0,,aws-us-east-2
us-west-1,AWS,2,US,REGION,1,0.0,,aws-us-west-1
us-west-2,AWS,2,US,REGION,1,0.0,,aws-us-west-2
use1-az1,AWS,2,US,ZONE,2,0.0,aws-us-east-1,aws-use1-az1
use1-az2,AWS,2,US,ZONE,2,0.0,aws-us-east-1,aws-use1-az2
use1-az3,AWS,2,US,ZONE,2,0.0,aws-us-east-1,aws-use1-az3
use1-az4,AWS,2,US,ZONE,2,0.0,aws-us-east-1,aws-use1-az4
use1-az5,AWS,2,US,ZONE,2,0.0,aws-us-east-1,aws-use1-az5
use1-az6,AWS,2,US,ZONE,2,0.0,aws-us-east-1,aws-use1-az6
use2-az1,AWS,2,US,ZONE,2,0.0,aws-us-east-2,aws-use2-az1
use2-az2,AWS,2,US,ZONE,2,0.0,aws-us-east-2,aws-use2-az2
use2-az3,AWS,2,US,ZONE,2,0.0,aws-us-east-2,aws-use2-az3
usw1-az1,AWS,2,US,ZONE,2,0.0,aws-us-west-1,aws-usw1-az1
usw1-az3,AWS,2,US,ZONE,2,0.0,aws-us-west-1,aws-usw1-az3
usw2-az1,AWS,2,US,ZONE,2,0.0,aws-us-west-2,aws-usw2-az1
usw2-az2,AWS,2,US,ZONE,2,0.0,aws-us-west-2,aws-usw2-az2
usw2-az3,AWS,2,US,ZONE,2,0.0,aws-us-west-2,aws-usw2-az3
usw2-az4,AWS,2,US,ZONE,2,0.0,aws-us-west-2,aws-usw2-az4
australiacentral,AZURE,3,AU,REGION,1,0.0,,azure-australiacentral
australiacentral2,AZURE,3,AU,REGION,1,0.0,,azure-australiacentral2
australiaeast,AZURE,3,AU,REGION,1,0.0,,azure-australiaeast
australiaeast-az1,AZURE,3,AU,ZONE,2,0.0,azure-australiaeast,azure-australiaeast-az1
australiaeast-az2,AZURE,3,AU,ZONE,2,0.0,azure-australiaeast,azure-australiaeast-az2
australiaeast-az3,AZURE,3,AU,ZONE,2,0.0,azure-australiaeast,azure-australiaeast-az3
australiasoutheast,AZURE,3,AU,REGION,1,0.0,,azure-australiasoutheast
austriaeast,AZURE,3,AT,REGION,1,0.0,,azure-austriaeast
austriaeast-az1,AZURE,3,AT,ZONE,2,0.0,azure-austriaeast,azure-austriaeast-az1
austriaeast-az2,AZURE,3,AT,ZONE,2,0.0,azure-austriaeast,azure-austriaeast-az2
austriaeast-az3,AZURE,3,AT,ZONE,2,0.0,azure-austriaeast,azure-austriaeast-az3
belgiumcentral,AZURE,3,BE,REGION,1,0.0,,azure-belgiumcentral
belgiumcentral-az1,AZURE,3,BE,ZONE,2,0.0,azure-belgiumcentral,azure-belgiumcentral-az1
belgiumcentral-az2,AZURE,3,BE,ZONE,2,0.0,azure-belgiumcentral,azure-belgiumcentral-az2
belgiumcentral-az3,AZURE,3,BE,ZONE,2,0.0,azure-belgiumcentral,azure-belgiumcentral-az3
brazilsouth,AZURE,3,BR,REGION,1,0.0,,azure-brazilsouth
brazilsouth-az1,AZURE,3,BR,ZONE,2,0.0,azure-brazilsouth,azure-brazilsouth-az1
brazilsouth-az2,AZURE,3,BR,ZONE,2,0.0,azure-brazilsouth,azure-brazilsouth-az2
brazilsouth-az3,AZURE,3,BR,ZONE,2,0.0,azure-brazilsouth,azure-brazilsouth-az3
brazilsoutheast,AZURE,3,BR,REGION,1,0.0,,azure-brazilsoutheast
canadacentral,AZURE,3,CA,REGION,1,0.0,,azure-canadacentral
canadacentral-az1,AZURE,3,CA,ZONE,2,0.0,azure-canadacentral,azure-canadacentral-az1
canadacentral-az2,AZURE,3,CA,ZONE,2,0.0,azure-canadacentral,azure-canadacentral-az2
canadacentral-az3,AZURE,3,CA,ZONE,2,0.0,azure-canadacentral,azure-canadacentral-az3
canadaeast,AZURE,3,CA,REGION,1,0.0,,azure-canadaeast
centralindia,AZURE,3,IN,REGION,1,0.0,,azure-centralindia
centralindia-az1,AZURE,3,IN,ZONE,2,0.0,azure-centralindia,azure-centralindia-az1
centralindia-az2,AZURE,3,IN,ZONE,2,0.0,azure-centralindia,azure-centralindia-az2
centralindia-az3,AZURE,3,IN,ZONE,2,0.0,azure-centralindia,azure-centralindia-az3
centralus,AZURE,3,US,REGION,1,0.0,,azure-centralus
centralus-az1,AZURE,3,US,ZONE,2,0.0,azure-centralus,azure-centralus-az1
centralus-az2,AZURE,3,US,ZONE,2,0.0,azure-centralus,azure-centralus-az2
centralus-az3,AZURE,3,US,ZONE,2,0.0,azure-centralus,azure-centralus-az3
centraluseuap,AZURE,3,US,REGION,1,0.0,,azure-centraluseuap
chilecentral,AZURE,3,CL,REGION,1,0.0,,azure-chilecentral
chilecentral-az1,AZURE,3,CL,ZONE,2,0.0,azure-chilecentral,azure-chilecentral-az1
chilecentral-az2,AZURE,3,CL,ZONE,2,0.0,azure-chilecentral,azure-chilecentral-az2
chilecentral-az3,AZURE,3,CL,ZONE,2,0.0,azure-chilecentral,azure-chilecentral-az3
denmarkeast,AZURE,3,DK,REGION,1,0.0,,azure-denmarkeast
denmarkeast-az1,AZURE,3,DK,ZONE,2,0.0,azure-denmarkeast,azure-denmarkeast-az1
denmarkeast-az2,AZURE,3,DK,ZONE,2,0.0,azure-denmarkeast,azure-denmarkeast-az2
denmarkeast-az3,AZURE,3,DK,ZONE,2,0.0,azure-denmarkeast,azure-denmarkeast-az3
eastasia,AZURE,3,HK,REGION,1,0.0,,azure-eastasia
eastasia-az1,AZURE,3,HK,ZONE,2,0.0,azure-eastasia,azure-eastasia-az1
eastasia-az2,AZURE,3,HK,ZONE,2,0.0,azure-eastasia,azure-eastasia-az2
eastasia-az3,AZURE,3,HK,ZONE,2,0.0,azure-eastasia,azure-eastasia-az3
eastus,AZURE,3,US,REGION,1,0.0,,azure-eastus
eastus-az1,AZURE,3,US,ZONE,2,0.0,azure-eastus,azure-eastus-az1
eastus-az2,AZURE,3,US,ZONE,2,0.0,azure-eastus,azure-eastus-az2
eastus-az3,AZURE,3,US,ZONE,2,0.0,azure-eastus,azure-eastus-az3
eastus2,AZURE,3,US,REGION,1,0.0,,azure-eastus2
eastus2-az1,AZURE,3,US,ZONE,2,0.0,azure-eastus2,azure-eastus2-az1
eastus2-az2,AZURE,3,US,ZONE,2,0.0,azure-eastus2,azure-eastus2-az2
eastus2-az3,AZURE,3,US,ZONE,2,0.0,azure-eastus2,azure-eastus2-az3
eastus2euap,AZURE,3,US,REGION,1,0.0,,azure-eastus2euap
eastus2euap-az1,AZURE,3,US,ZONE,2,0.0,azure-eastus2euap,azure-eastus2euap-az1
eastus2euap-az2,AZURE,3,US,ZONE,2,0.0,azure-eastus2euap,azure-eastus2euap-az2
eastus2euap-az3,AZURE,3,US,ZONE,2,0.0,azure-eastus2euap,azure-eastus2euap-az3
eastus2euap-az4,AZURE,3,US,ZONE,2,0.0,azure-eastus2euap,azure-eastus2euap-az4
eastusstg,AZURE,3,US,REGION,1,0.0,,azure-eastusstg
francecentral,AZURE,3,FR,REGION,1,0.0,,azure-francecentral
francecentral-az1,AZURE,3,FR,ZONE,2,0.0,azure-francecentral,azure-francecentral-az1
francecentral-az2,AZURE,3,FR,ZONE,2,0.0,azure-francecentral,azure-francecentral-az2
francecentral-az3,AZURE,3,FR,ZONE,2,0.0,azure-francecentral,azure-francecentral-az3
francesouth,AZURE,3,FR,REGION,1,0.0,,azure-francesouth
germanynorth,AZURE,3,DE,REGION,1,0.0,,azure-germanynorth
germanywestcentral,AZURE,3,DE,REGION,1,0.0,,azure-germanywestcentral
germanywestcentral-az1,AZURE,3,DE,ZONE,2,0.0,azure-germanywestcentral,azure-germanywestcentral-az1
germanywestcentral-az2,AZURE,3,DE,ZONE,2,0.0,azure-germanywestcentral,azure-germanywestcentral-az2
germanywestcentral-az3,AZURE,3,DE,ZONE,2,0.0,azure-germanywestcentral,azure-germanywestcentral-az3
indonesiacentral,AZURE,3,ID,REGION,1,0.0,,azure-indonesiacentral
indonesiacentral-az1,AZURE,3,ID,ZONE,2,0.0,azure-indonesiacentral,azure-indonesiacentral-az1
indonesiacentral-az2,AZURE,3,ID,ZONE,2,0.0,azure-indonesiacentral,azure-indonesiacentral-az2
indonesiacentral-az3,AZURE,3,ID,ZONE,2,0.0,azure-indonesiacentral,azure-indonesiacentral-az3
israelcentral,AZURE,3,IL,REGION,1,0.0,,azure-israelcentral
israelcentral-az1,AZURE,3,IL,ZONE,2,0.0,azure-israelcentral,azure-israelcentral-az1
israelcentral-az2,AZURE,3,IL,ZONE,2,0.0,azure-israelcentral,azure-israelcentral-az2
israelcentral-az3,AZURE,3,IL,ZONE,2,0.0,azure-israelcentral,azure-israelcentral-az3
italynorth,AZURE,3,IT,REGION,1,0.0,,azure-italynorth
italynorth-az1,AZURE,3,IT,ZONE,2,0.0,azure-italynorth,azure-italynorth-az1
italynorth-az2,AZURE,3,IT,ZONE,2,0.0,azure-italynorth,azure-italynorth-az2
italynorth-az3,AZURE,3,IT,ZONE,2,0.0,azure-italynorth,azure-italynorth-az3
japaneast,AZURE,3,JP,REGION,1,0.0,,azure-japaneast
japaneast-az1,AZURE,3,JP,ZONE,2,0.0,azure-japaneast,azure-japaneast-az1
japaneast-az2,AZURE,3,JP,ZONE,2,0.0,azure-japaneast,azure-japaneast-az2
japaneast-az3,AZURE,3,JP,ZONE,2,0.0,azure-japaneast,azure-japaneast-az3
japanwest,AZURE,3,JP,REGION,1,0.0,,azure-japanwest
japanwest-az1,AZURE,3,JP,ZONE,2,0.0,azure-japanwest,azure-japanwest-az1
japanwest-az2,AZURE,3,JP,ZONE,2,0.0,azure-japanwest,azure-japanwest-az2
japanwest-az3,AZURE,3,JP,ZONE,2,0.0,azure-japanwest,azure-japanwest-az3
jioindiacentral,AZURE,3,IN,REGION,1,0.0,,azure-jioindiacentral
jioindiawest,AZURE,3,IN,REGION,1,0.0,,azure-jioindiawest
koreacentral,AZURE,3,KR,REGION,1,0.0,,azure-koreacentral
koreacentral-az1,AZURE,3,KR,ZONE,2,0.0,azure-koreacentral,azure-koreacentral-az1
koreacentral-az2,AZURE,3,KR,ZONE,2,0.0,azure-koreacentral,azure-koreacentral-az2
koreacentral-az3,AZURE,3,KR,ZONE,2,0.0,azure-koreacentral,azure-koreacentral-az3
koreasouth,AZURE,3,KR,REGION,1,0.0,,azure-koreasouth
malaysiawest,AZURE,3,MY,REGION,1,0.0,,azure-malaysiawest
malaysiawest-az1,AZURE,3,MY,ZONE,2,0.0,azure-malaysiawest,azure-malaysiawest-az1
malaysiawest-az2,AZURE,3,MY,ZONE,2,0.0,azure-malaysiawest,azure-malaysiawest-az2
malaysiawest-az3,AZURE,3,MY,ZONE,2,0.0,azure-malaysiawest,azure-malaysiawest-az3
mexicocentral,AZURE,3,MX,REGION,1,0.0,,azure-mexicocentral
mexicocentral-az1,AZURE,3,MX,ZONE,2,0.0,azure-mexicocentral,azure-mexicocentral-az1
mexicocentral-az2,AZURE,3,MX,ZONE,2,0.0,azure-mexicocentral,azure-mexicocentral-az2
mexicocentral-az3,AZURE,3,MX,ZONE,2,0.0,azure-mexicocentral,azure-mexicocentral-az3
newzealandnorth,AZURE,3,NZ,REGION,1,0.0,,azure-newzealandnorth
newzealandnorth-az1,AZURE,3,NZ,ZONE,2,0.0,azure-newzealandnorth,azure-newzealandnorth-az1
newzealandnorth-az2,AZURE,3,NZ,ZONE,2,0.0,azure-newzealandnorth,azure-newzealandnorth-az2
newzealandnorth-az3,AZURE,3,NZ,ZONE,2,0.0,azure-newzealandnorth,azure-newzealandnorth-az3
northcentralus,AZURE,3,US,REGION,1,0.0,,azure-northcentralus
northeurope,AZURE,3,IE,REGION,1,0.0,,azure-northeurope
northeurope-az1,AZURE,3,IE,ZONE,2,0.0,azure-northeurope,azure-northeurope-az1
northeurope-az2,AZURE,3,IE,ZONE,2,0.0,azure-northeurope,azure-northeurope-az2
northeurope-az3,AZURE,3,IE,ZONE,2,0.0,azure-northeurope,azure-northeurope-az3
norwayeast,AZURE,3,NO,REGION,1,0.0,,azure-norwayeast
norwayeast-az1,AZURE,3,NO,ZONE,2,0.0,azure-norwayeast,azure-norwayeast-az1
norwayeast-az2,AZURE,3,NO,ZONE,2,0.0,azure-norwayeast,azure-norwayeast-az2
norwayeast-az3,AZURE,3,NO,ZONE,2,0.0,azure-norwayeast,azure-norwayeast-az3
norwaywest,AZURE,3,NO,REGION,1,0.0,,azure-norwaywest
polandcentral,AZURE,3,PL,REGION,1,0.0,,azure-polandcentral
polandcentral-az1,AZURE,3,PL,ZONE,2,0.0,azure-polandcentral,azure-polandcentral-az1
polandcentral-az2,AZURE,3,PL,ZONE,2,0.0,azure-polandcentral,azure-polandcentral-az2
polandcentral-az3,AZURE,3,PL,ZONE,2,0.0,azure-polandcentral,azure-polandcentral-az3
qatarcentral,AZURE,3,QA,REGION,1,0.0,,azure-qatarcentral
qatarcentral-az1,AZURE,3,QA,ZONE,2,0.0,azure-qatarcentral,azure-qatarcentral-az1
qatarcentral-az2,AZURE,3,QA,ZONE,2,0.0,azure-qatarcentral,azure-qatarcentral-az2
qatarcentral-az3,AZURE,3,QA,ZONE,2,0.0,azure-qatarcentral,azure-qatarcentral-az3
southafricanorth,AZURE,3,ZA,REGION,1,0.0,,azure-southafricanorth
southafricanorth-az1,AZURE,3,ZA,ZONE,2,0.0,azure-southafricanorth,azure-southafricanorth-az1
southafricanorth-az2,AZURE,3,ZA,ZONE,2,0.0,azure-southafricanorth,azure-southafricanorth-az2
southafricanorth-az3,AZURE,3,ZA,ZONE,2,0.0,azure-southafricanorth,azure-southafricanorth-az3
southafricawest,AZURE,3,ZA,REGION,1,0.0,,azure-southafricawest
southcentralus,AZURE,3,US,REGION,1,0.0,,azure-southcentralus
southcentralus-az1,AZURE,3,US,ZONE,2,0.0,azure-southcentralus,azure-southcentralus-az1
southcentralus-az2,AZURE,3,US,ZONE,2,0.0,azure-southcentralus,azure-southcentralus-az2
southcentralus-az3,AZURE,3,US,ZONE,2,0.0,azure-southcentralus,azure-southcentralus-az3
southcentralusstg,AZURE,3,US,REGION,1,0.0,,azure-southcentralusstg
southeastasia,AZURE,3,SG,REGION,1,0.0,,azure-southeastasia
southeastasia-az1,AZURE,3,SG,ZONE,2,0.0,azure-southeastasia,azure-southeastasia-az1
southeastasia-az2,AZURE,3,SG,ZONE,2,0.0,azure-southeastasia,azure-southeastasia-az2
southeastasia-az3,AZURE,3,SG,ZONE,2,0.0,azure-southeastasia,azure-southeastasia-az3
southindia,AZURE,3,IN,REGION,1,0.0,,azure-southindia
spaincentral,AZURE,3,ES,REGION,1,0.0,,azure-spaincentral
spaincentral-az1,AZURE,3,ES,ZONE,2,0.0,azure-spaincentral,azure-spaincentral-az1
spaincentral-az2,AZURE,3,ES,ZONE,2,0.0,azure-spaincentral,azure-spaincentral-az2
spaincentral-az3,AZURE,3,ES,ZONE,2,0.0,azure-spaincentral,azure-spaincentral-az3
swedencentral,AZURE,3,SE,REGION,1,0.0,,azure-swedencentral
swedencentral-az1,AZURE,3,SE,ZONE,2,0.0,azure-swedencentral,azure-swedencentral-az1
swedencentral-az2,AZURE,3,SE,ZONE,2,0.0,azure-swedencentral,azure-swedencentral-az2
swedencentral-az3,AZURE,3,SE,ZONE,2,0.0,azure-swedencentral,azure-swedencentral-az3
switzerlandnorth,AZURE,3,CH,REGION,1,0.0,,azure-switzerlandnorth
switzerlandnorth-az1,AZURE,3,CH,ZONE,2,0.0,azure-switzerlandnorth,azure-switzerlandnorth-az1
switzerlandnorth-az2,AZURE,3,CH,ZONE,2,0.0,azure-switzerlandnorth,azure-switzerlandnorth-az2
switzerlandnorth-az3,AZURE,3,CH,ZONE,2,0.0,azure-switzerlandnorth,azure-switzerlandnorth-az3
switzerlandwest,AZURE,3,CH,REGION,1,0.0,,azure-switzerlandwest
uaecentral,AZURE,3,AE,REGION,1,0.0,,azure-uaecentral
uaenorth,AZURE,3,AE,REGION,1,0.0,,azure-uaenorth
uaenorth-az1,AZURE,3,AE,ZONE,2,0.0,azure-uaenorth,azure-uaenorth-az1
uaenorth-az2,AZURE,3,AE,ZONE,2,0.0,azure-uaenorth,azure-uaenorth-az2
uaenorth-az3,AZURE,3,AE,ZONE,2,0.0,azure-uaenorth,azure-uaenorth-az3
uksouth,AZURE,3,GB,REGION,1,0.0,,azure-uksouth
uksouth-az1,AZURE,3,GB,ZONE,2,0.0,azure-uksouth,azure-uksouth-az1
uksouth-az2,AZURE,3,GB,ZONE,2,0.0,azure-uksouth,azure-uksouth-az2
uksouth-az3,AZURE,3,GB,ZONE,2,0.0,azure-uksouth,azure-uksouth-az3
ukwest,AZURE,3,GB,REGION,1,0.0,,azure-ukwest
westcentralus,AZURE,3,US,REGION,1,0.0,,azure-westcentralus
westeurope,AZURE,3,NL,REGION,1,0.0,,azure-westeurope
westeurope-az1,AZURE,3,NL,ZONE,2,0.0,azure-westeurope,azure-westeurope-az1
westeurope-az2,AZURE,3,NL,ZONE,2,0.0,azure-westeurope,azure-westeurope-az2
westeurope-az3,AZURE,3,NL,ZONE,2,0.0,azure-westeurope,azure-westeurope-az3
westindia,AZURE,3,IN,REGION,1,0.0,,azure-westindia
westus,AZURE,3,US,REGION,1,0.0,,azure-westus
westus2,AZURE,3,US,REGION,1,0.0,,azure-westus2
westus2-az1,AZURE,3,US,ZONE,2,0.0,azure-westus2,azure-westus2-az1
westus2-az2,AZURE,3,US,ZONE,2,0.0,azure-westus2,azure-westus2-az2
westus2-az3,AZURE,3,US,ZONE,2,0.0,azure-westus2,azure-westus2-az3
westus3,AZURE,3,US,REGION,1,0.0,,azure-westus3
westus3-az1,AZURE,3,US,ZONE,2,0.0,azure-westus3,azure-westus3-az1
westus3-az2,AZURE,3,US,ZONE,2,0.0,azure-westus3,azure-westus3-az2
westus3-az3,AZURE,3,US,ZONE,2,0.0,azure-westus3,azure-westus3-az3
asia-southeast3,GCP,1,TH,REGION,1,0.0,,gcp-asia-southeast3
asia-southeast3-a,GCP,1,TH,ZONE,2,0.0,gcp-asia-southeast3,gcp-asia-southeast3-a
asia-southeast3-b,GCP,1,TH,ZONE,2,0.0,gcp-asia-southeast3,gcp-asia-southeast3-b
asia-southeast3-c,GCP,1,TH,ZONE,2,0.0,gcp-asia-southeast3,gcp-asia-southeast3-c
af-casablanca-1,OCI,4,MA,REGION,1,0.0,,oci-af-casablanca-1
af-casablanca-1-ad-1,OCI,4,MA,ZONE,2,0.0,oci-af-casablanca-1,oci-af-casablanca-1-ad-1
af-johannesburg-1,OCI,4,ZA,REGION,1,0.0,,oci-af-johannesburg-1
af-johannesburg-1-ad-1,OCI,4,ZA,ZONE,2,0.0,oci-af-johannesburg-1,oci-af-johannesburg-1-ad-1
ap-batam-1,OCI,4,ID,REGION,1,0.0,,oci-ap-batam-1
ap-batam-1-ad-1,OCI,4,ID,ZONE,2,0.0,oci-ap-batam-1,oci-ap-batam-1-ad-1
ap-chuncheon-1,OCI,4,KR,REGION,1,0.0,,oci-ap-chuncheon-1
ap-chuncheon-1-ad-1,OCI,4,KR,ZONE,2,0.0,oci-ap-chuncheon-1,oci-ap-chuncheon-1-ad-1
ap-hyderabad-1,OCI,4,IN,REGION,1,0.0,,oci-ap-hyderabad-1
ap-hyderabad-1-ad-1,OCI,4,IN,ZONE,2,0.0,oci-ap-hyderabad-1,oci-ap-hyderabad-1-ad-1
ap-kulai-2,OCI,4,MY,REGION,1,0.0,,oci-ap-kulai-2
ap-kulai-2-ad-1,OCI,4,MY,ZONE,2,0.0,oci-ap-kulai-2,oci-ap-kulai-2-ad-1
ap-melbourne-1,OCI,4,AU,REGION,1,0.0,,oci-ap-melbourne-1
ap-melbourne-1-ad-1,OCI,4,AU,ZONE,2,0.0,oci-ap-melbourne-1,oci-ap-melbourne-1-ad-1
ap-mumbai-1,OCI,4,IN,REGION,1,0.0,,oci-ap-mumbai-1
ap-mumbai-1-ad-1,OCI,4,IN,ZONE,2,0.0,oci-ap-mumbai-1,oci-ap-mumbai-1-ad-1
ap-osaka-1,OCI,4,JP,REGION,1,0.0,,oci-ap-osaka-1
ap-osaka-1-ad-1,OCI,4,JP,ZONE,2,0.0,oci-ap-osaka-1,oci-ap-osaka-1-ad-1
ap-seoul-1,OCI,4,KR,REGION,1,0.0,,oci-ap-seoul-1
ap-seoul-1-ad-1,OCI,4,KR,ZONE,2,0.0,oci-ap-seoul-1,oci-ap-seoul-1-ad-1
ap-singapore-1,OCI,4,SG,REGION,1,0.0,,oci-ap-singapore-1
ap-singapore-1-ad-1,OCI,4,SG,ZONE,2,0.0,oci-ap-singapore-1,oci-ap-singapore-1-ad-1
ap-singapore-2,OCI,4,SG,REGION,1,0.0,,oci-ap-singapore-2
ap-singapore-2-ad-1,OCI,4,SG,ZONE,2,0.0,oci-ap-singapore-2,oci-ap-singapore-2-ad-1
ap-sydney-1,OCI,4,AU,REGION,1,0.0,,oci-ap-sydney-1
ap-sydney-1-ad-1,OCI,4,AU,ZONE,2,0.0,oci-ap-sydney-1,oci-ap-sydney-1-ad-1
ap-tokyo-1,OCI,4,JP,REGION,1,0.0,,oci-ap-tokyo-1
ap-tokyo-1-ad-1,OCI,4,JP,ZONE,2,0.0,oci-ap-tokyo-1,oci-ap-tokyo-1-ad-1
ca-montreal-1,OCI,4,CA,REGION,1,0.0,,oci-ca-montreal-1
ca-montreal-1-ad-1,OCI,4,CA,ZONE,2,0.0,oci-ca-montreal-1,oci-ca-montreal-1-ad-1
ca-toronto-1,OCI,4,CA,REGION,1,0.0,,oci-ca-toronto-1
ca-toronto-1-ad-1,OCI,4,CA,ZONE,2,0.0,oci-ca-toronto-1,oci-ca-toronto-1-ad-1
eu-amsterdam-1,OCI,4,NL,REGION,1,0.0,,oci-eu-amsterdam-1
eu-amsterdam-1-ad-1,OCI,4,NL,ZONE,2,0.0,oci-eu-amsterdam-1,oci-eu-amsterdam-1-ad-1
eu-frankfurt-1,OCI,4,DE,REGION,1,0.0,,oci-eu-frankfurt-1
eu-frankfurt-1-ad-1,OCI,4,DE,ZONE,2,0.0,oci-eu-frankfurt-1,oci-eu-frankfurt-1-ad-1
eu-frankfurt-1-ad-2,OCI,4,DE,ZONE,2,0.0,oci-eu-frankfurt-1,oci-eu-frankfurt-1-ad-2
eu-frankfurt-1-ad-3,OCI,4,DE,ZONE,2,0.0,oci-eu-frankfurt-1,oci-eu-frankfurt-1-ad-3
eu-madrid-1,OCI,4,ES,REGION,1,0.0,,oci-eu-madrid-1
eu-madrid-1-ad-1,OCI,4,ES,ZONE,2,0.0,oci-eu-madrid-1,oci-eu-madrid-1-ad-1
eu-madrid-3,OCI,4,ES,REGION,1,0.0,,oci-eu-madrid-3
eu-madrid-3-ad-1,OCI,4,ES,ZONE,2,0.0,oci-eu-madrid-3,oci-eu-madrid-3-ad-1
eu-marseille-1,OCI,4,FR,REGION,1,0.0,,oci-eu-marseille-1
eu-marseille-1-ad-1,OCI,4,FR,ZONE,2,0.0,oci-eu-marseille-1,oci-eu-marseille-1-ad-1
eu-milan-1,OCI,4,IT,REGION,1,0.0,,oci-eu-milan-1
eu-milan-1-ad-1,OCI,4,IT,ZONE,2,0.0,oci-eu-milan-1,oci-eu-milan-1-ad-1
eu-paris-1,OCI,4,FR,REGION,1,0.0,,oci-eu-paris-1
eu-paris-1-ad-1,OCI,4,FR,ZONE,2,0.0,oci-eu-paris-1,oci-eu-paris-1-ad-1
eu-stockholm-1,OCI,4,SE,REGION,1,0.0,,oci-eu-stockholm-1
eu-stockholm-1-ad-1,OCI,4,SE,ZONE,2,0.0,oci-eu-stockholm-1,oci-eu-stockholm-1-ad-1
eu-turin-1,OCI,4,IT,REGION,1,0.0,,oci-eu-turin-1
eu-turin-1-ad-1,OCI,4,IT,ZONE,2,0.0,oci-eu-turin-1,oci-eu-turin-1-ad-1
eu-zurich-1,OCI,4,CH,REGION,1,0.0,,oci-eu-zurich-1
eu-zurich-1-ad-1,OCI,4,CH,ZONE,2,0.0,oci-eu-zurich-1,oci-eu-zurich-1-ad-1
il-jerusalem-1,OCI,4,IL,REGION,1,0.0,,oci-il-jerusalem-1
il-jerusalem-1-ad-1,OCI,4,IL,ZONE,2,0.0,oci-il-jerusalem-1,oci-il-jerusalem-1-ad-1
me-abudhabi-1,OCI,4,AE,REGION,1,0.0,,oci-me-abudhabi-1
me-abudhabi-1-ad-1,OCI,4,AE,ZONE,2,0.0,oci-me-abudhabi-1,oci-me-abudhabi-1-ad-1
me-dubai-1,OCI,4,AE,REGION,1,0.0,,oci-me-dubai-1
me-dubai-1-ad-1,OCI,4,AE,ZONE,2,0.0,oci-me-dubai-1,oci-me-dubai-1-ad-1
me-jeddah-1,OCI,4,SA,REGION,1,0.0,,oci-me-jeddah-1
me-jeddah-1-ad-1,OCI,4,SA,ZONE,2,0.0,oci-me-jeddah-1,oci-me-jeddah-1-ad-1
me-riyadh-1,OCI,4,SA,REGION,1,0.0,,oci-me-riyadh-1
me-riyadh-1-ad-1,OCI,4,SA,ZONE,2,0.0,oci-me-riyadh-1,oci-me-riyadh-1-ad-1
mx-monterrey-1,OCI,4,MX,REGION,1,0.0,,oci-mx-monterrey-1
mx-monterrey-1-ad-1,OCI,4,MX,ZONE,2,0.0,oci-mx-monterrey-1,oci-mx-monterrey-1-ad-1
mx-queretaro-1,OCI,4,MX,REGION,1,0.0,,oci-mx-queretaro-1
mx-queretaro-1-ad-1,OCI,4,MX,ZONE,2,0.0,oci-mx-queretaro-1,oci-mx-queretaro-1-ad-1
phx-ad-1,OCI,4,US,ZONE,2,0.0,oci-us-phoenix-1,oci-phx-ad-1
phx-ad-2,OCI,4,US,ZONE,2,0.0,oci-us-phoenix-1,oci-phx-ad-2
phx-ad-3,OCI,4,US,ZONE,2,0.0,oci-us-phoenix-1,oci-phx-ad-3
sa-bogota-1,OCI,4,CO,REGION,1,0.0,,oci-sa-bogota-1
sa-bogota-1-ad-1,OCI,4,CO,ZONE,2,0.0,oci-sa-bogota-1,oci-sa-bogota-1-ad-1
sa-santiago-1,OCI,4,CL,REGION,1,0.0,,oci-sa-santiago-1
sa-santiago-1-ad-1,OCI,4,CL,ZONE,2,0.0,oci-sa-santiago-1,oci-sa-santiago-1-ad-1
sa-saopaulo-1,OCI,4,BR,REGION,1,0.0,,oci-sa-saopaulo-1
sa-saopaulo-1-ad-1,OCI,4,BR,ZONE,2,0.0,oci-sa-saopaulo-1,oci-sa-saopaulo-1-ad-1
sa-valparaiso-1,OCI,4,CL,REGION,1,0.0,,oci-sa-valparaiso-1
sa-valparaiso-1-ad-1,OCI,4,CL,ZONE,2,0.0,oci-sa-valparaiso-1,oci-sa-valparaiso-1-ad-1
sa-vinhedo-1,OCI,4,BR,REGION,1,0.0,,oci-sa-vinhedo-1
sa-vinhedo-1-ad-1,OCI,4,BR,ZONE,2,0.0,oci-sa-vinhedo-1,oci-sa-vinhedo-1-ad-1
uk-cardiff-1,OCI,4,GB,REGION,1,0.0,,oci-uk-cardiff-1
uk-cardiff-1-ad-1,OCI,4,GB,ZONE,2,0.0,oci-uk-cardiff-1,oci-uk-cardiff-1-ad-1
uk-london-1,OCI,4,GB,REGION,1,0.0,,oci-uk-london-1
uk-london-1-ad-1,OCI,4,GB,ZONE,2,0.0,oci-uk-london-1,oci-uk-london-1-ad-1
uk-london-1-ad-2,OCI,4,GB,ZONE,2,0.0,oci-uk-london-1,oci-uk-london-1-ad-2
uk-london-1-ad-3,OCI,4,GB,ZONE,2,0.0,oci-uk-london-1,oci-uk-london-1-ad-3
us-ashburn-1,OCI,4,US,REGION,1,0.0,,oci-us-ashburn-1
us-ashburn-ad-1,OCI,4,US,ZONE,2,0.0,oci-us-ashburn-1,oci-us-ashburn-ad-1
us-ashburn-ad-2,OCI,4,US,ZONE,2,0.0,oci-us-ashburn-1,oci-us-ashburn-ad-2
us-ashburn-ad-3,OCI,4,US,ZONE,2,0.0,oci-us-ashburn-1,oci-us-ashburn-ad-3
us-chicago-1,OCI,4,US,REGION,1,0.0,,oci-us-chicago-1
us-chicago-1-ad-1,OCI,4,US,ZONE,2,0.0,oci-us-chicago-1,oci-us-chicago-1-ad-1
us-chicago-1-ad-2,OCI,4,US,ZONE,2,0.0,oci-us-chicago-1,oci-us-chicago-1-ad-2
us-chicago-1-ad-3,OCI,4,US,ZONE,2,0.0,oci-us-chicago-1,oci-us-chicago-1-ad-3
us-phoenix-1,OCI,4,US,REGION,1,0.0,,oci-us-phoenix-1
us-sanjose-1,OCI,4,US,REGION,1,0.0,,oci-us-sanjose-1
us-sanjose-1-ad-1,OCI,4,US,ZONE,2,0.0,oci-us-sanjose-1,oci-us-sanjose-1-ad-1
